{"head and shoulders": {"x": [0.0, 0.16666666666666666, 0.3333333333333333, 0.5, 0.6666666666666666, 0.8333333333333333, 1.0], "y": [0.0, 0.8, 0.6, 1.0, 0.6, 0.8, 0.0]}, "inverse head and shoulders": {"x": [0.0, 0.16666666666666666, 0.3333333333333333, 0.5, 0.6666666666666666, 0.8333333333333333, 1.0], "y": [1.0, 0.2, 0.4, 0.0, 0.4, 0.2, 1.0]}, "double top": {"x": [0.0, 0.16666666666666666, 0.3333333333333333, 0.5, 0.6666666666666666, 0.8333333333333333, 1.0], "y": [0.0, 0.5, 1.0, 0.55, 1.0, 0.5, 0.0]}, "inverse double top": {"x": [0.0, 0.16666666666666666, 0.3333333333333333, 0.5, 0.6666666666666666, 0.8333333333333333, 1.0], "y": [1.0, 0.5, 0.0, 0.44999999999999996, 0.0, 0.5, 1.0]}, "triple top": {"x": [0.0, 0.16666666666666666, 0.3333333333333333, 0.5, 0.6666666666666666, 0.8333333333333333, 1.0], "y": [0.0, 1.0, 0.55, 1.0, 0.55, 1.0, 0.0]}, "inverse triple top": {"x": [0.0, 0.16666666666666666, 0.3333333333333333, 0.5, 0.6666666666666666, 0.8333333333333333, 1.0], "y": [1.0, 0.0, 0.44999999999999996, 0.0, 0.44999999999999996, 0.0, 1.0]}, "rounded top": {"x": [0.0, 0.16666666666666666, 0.3333333333333333, 0.5, 0.6666666666666666, 0.8333333333333333, 1.0], "y": [0.0, 0.8928571428571428, 0.9642857142857143, 1.0, 0.9642857142857143, 0.8928571428571428, 0.0]}, "inverse rounded top": {"x": [0.0, 0.16666666666666666, 0.3333333333333333, 0.5, 0.6666666666666666, 0.8333333333333333, 1.0], "y": [1.0, 0.10714285714285723, 0.03571428571428574, 0.0, 0.03571428571428574, 0.10714285714285723, 1.0]}, "spike top": {"x": [0.0, 0.16666666666666666, 0.3333333333333333, 0.5, 0.6666666666666666, 0.8333333333333333, 1.0], "y": [0.0, 0.1, 0.0, 1.0, 0.0, 0.1, 0.0]}, "inverse spike top": {"x": [0.0, 0.16666666666666666, 0.3333333333333333, 0.5, 0.6666666666666666, 0.8333333333333333, 1.0], "y": [1.0, 0.9, 1.0, 0.0, 1.0, 0.9, 1.0]}}